{
  "IsEncrypted": false,
  "Values": {
    "WEBSITE_SLOT_NAME": "Production",
    "FUNCTIONS_EXTENSION_VERSION": "~3",
    "ScmType": "None",
    "WEBSITE_AUTH_ENABLED": "False",
    "WEBSITE_RUN_FROM_PACKAGE": "1",
    "CosmosDBConnection": "AccountEndpoint=https://readit-cosmos-dbb.documents.azure.com:443/;AccountKey=eCYBvpPG2J3UCIWnvp9KKUwzzLmHi9HjX8fecXXjWxBCc7TVIoqS4wMg7Nvklt06uLHGDJW3X1oVx6N34TYKag==;",
    "StorageConnectionString": "DefaultEndpointsProtocol=https;AccountName=orderss;AccountKey=2A6eRl9uHykuy8WzsQspSsZmG2gLIFZNLjAllMxLHaED322V8Ln4X8LJ9C2BJ/ruknFmwSL/3/geclstvj8T7A==;EndpointSuffix=core.windows.net",
    "APPINSIGHTS_INSTRUMENTATIONKEY": "f5292cd5-28ef-47e0-b646-257e2c12da3b",
    "WEBSITE_CONTENTAZUREFILECONNECTIONSTRING": "DefaultEndpointsProtocol=https;EndpointSuffix=core.windows.net;AccountName=readitfuncstoragee;AccountKey=Qz7qK+O2AUTkeGYQnaWtOR3Ejax4SMr08Lm2UOWBURtB4i2b3OwrXa48g+G/NoukbqfbpbAAsOFtOFk9Dww8BA==",
    "WEBSITE_CONTENTSHARE": "readitfunctionapps",
    "FUNCTIONS_WORKER_RUNTIME": "dotnet",
    "WEBSITE_SITE_NAME": "readitfunctionapps",
    "AzureWebJobsStorage": "DefaultEndpointsProtocol=https;AccountName=readitfuncstoragee;AccountKey=Qz7qK+O2AUTkeGYQnaWtOR3Ejax4SMr08Lm2UOWBURtB4i2b3OwrXa48g+G/NoukbqfbpbAAsOFtOFk9Dww8BA==;EndpointSuffix=core.windows.net"
  }
}